id,name,phone,email,password,created_at
1,User1,523456789,user1@gmaul.com,1234567890,20/06/2023 10:00
2,User2,523456790,user2@gmaul.com,2345678901,20/06/2023 10:00
3,User3,523456791,user3@gmaul.com,3456789012,20/06/2023 10:00
4,User4,523456792,user4@gmaul.com,4567890123,20/06/2023 10:00
5,User5,523456793,user5@gmaul.com,5678901234,20/06/2023 10:00
6,User6,523456794,user6@gmaul.com,6789012345,20/06/2023 10:00
7,User7,523456795,user7@gmaul.com,7890123456,20/06/2023 10:00
8,User8,523456796,user8@gmaul.com,8901234567,20/06/2023 10:00
9,User9,523456797,user9@gmaul.com,9012345678,20/06/2023 10:00
10,User10,523456798,user10@gmaul.com,123456789,20/06/2023 10:00
11,User11,523456799,user11@gmaul.com,1234567890,20/06/2023 10:00
12,User12,523456800,user12@gmaul.com,2345678901,20/06/2023 10:00
13,User13,523456801,user13@gmaul.com,3456789012,20/06/2023 10:00
14,User14,523456802,user14@gmaul.com,4567890123,20/06/2023 10:00
15,User15,523456803,user15@gmaul.com,5678901234,20/06/2023 10:00
16,User16,523456804,user16@gmaul.com,6789012345,20/06/2023 10:00
17,User17,523456805,user17@gmaul.com,7890123456,20/06/2023 10:00
18,User18,523456806,user18@gmaul.com,8901234567,20/06/2023 10:00
19,User19,523456807,user19@gmaul.com,9012345678,20/06/2023 10:00
20,User20,523456808,user20@gmaul.com,123456789,20/06/2023 10:00
